ExploGID,Exploration,Log_URL,Grnd_El_ft,TD_ft,TD_El_ft,BOH_GeoUnit,Fill_Dp_Up_ft,Fill_Dp_Lw_ft,Fill_El_Up_ft,Fill_El_Lw_ft,Qvr_Dp_Up_ft,Qvr_Dp_Lw_ft,Qvr_El_Up_ft,Qvr_El_Lw_ft,Qvrl_Dp_Up_ft,Qvrl_Dp_Lw_ft,Qvrl_El_Up_ft,Qvrl_El_Lw_ft,Qvi_Dp_Up_ft,Qvi_Dp_Lw_ft,Qvi_El_Up_ft,Qvi_El_Lw_ft,QviQvt_Dp_Up_ft,QviQvt_Dp_Lw_ft,QviQvt_El_Up_ft,QviQvt_El_Lw_ft,Qvt_Dp_Up_ft,Qvt_Dp_Lw_ft,Qvt_El_Up_ft,Qvt_El_Lw_ft,QvisQva_Dp_Up_ft,QvisQva_Dp_Lw_ft,QvisQva_El_Up_ft,QvisQva_El_Lw_ft,Qva_Dp_Up_ft,Qva_Dp_Lw_ft,Qva_El_Up_ft,Qva_El_Lw_ft,QvaQpvg_Dp_Up_ft,QvaQpvg_Dp_Lw_ft,QvaQpvg_El_Up_ft,QvaQpvg_El_Lw_ft,Qo_Dp_Up_ft,Qo_Dp_Lw_ft,Qo_El_Up_ft,Qo_El_Lw_ft,QoQpo_Dp_Up_ft,QoQpo_Dp_Lw_ft,QoQpo_El_Up_ft,QoQpo_El_Lw_ft,Qpo_Dp_Up_ft,Qpo_Dp_Lw_ft,Qpo_El_Up_ft,Qpo_El_Lw_ft,Qpog_Dp_Up_ft,Qpog_Dp_Lw_ft,Qpog_El_Up_ft,Qpog_El_Lw_ft,Qpvg_Dp_Up_ft,Qpvg_Dp_Lw_ft,Qpvg_El_Up_ft,Qpvg_El_Lw_ft,QpvgQpy_Dp_Up_ft,QpvgQpy_Dp_Lw_ft,QpvgQpy_El_Up_ft,QpvgQpy_El_Lw_ft,Qpy_Dp_Up_ft,Qpy_Dp_Lw_ft,Qpy_El_Up_ft,Qpy_El_Lw_ft,Qppyg_Dp_Up_ft,Qppyg_Dp_Lw_ft,Qppyg_El_Up_ft,Qppyg_El_Lw_ft,Qppyn_Dp_Up_ft,Qppyn_Dp_Lw_ft,Qppyn_El_Up_ft,Qppyn_El_Lw_ft
GlobalID,Exploration,Log,"GS Elev
(ft)","TD BGS
(ft)","TD Elev
(ft)",BOH Geo Unit,"Fill Depth
Upper
(ft)","Fill Depth
Lower
(ft)","Fill Elev
Upper
(ft)","Fill Elev
Lower
(ft)","Qvr Depth Upper
 (ft)","Qvr Depth Lower
 (ft)","Qvr Elev Upper
 (ft)","Qvr Elev Lower
 (ft)","Qvrl Depth Upper
 (ft)","Qvrl Depth Lower
 (ft)","Qvrl Elev Upper
 (ft)","Qvrl Elev Lower
 (ft)","Qvi Depth Upper
 (ft)","Qvi Depth Lower
 (ft)","Qvi Elev Upper
 (ft)","Qvi Elev Lower
 (ft)","Qvi-Qvt Depth Upper
 (ft)","Qvi-Qvt Depth Lower
 (ft)","Qvi-Qvt Elev Upper
 (ft)","Qvi-Qvt Elev Lower
 (ft)","Qvt Depth Upper
 (ft)","Qvt Depth Lower
 (ft)","Qvt Elev Upper
 (ft)","Qvt Elev Lower
 (ft)","Qvis-Qva Depth Upper
(ft)","Qvis-Qva Depth Lower
(ft)","Qvis-Qva Elev Upper
(ft)","Qvis-Qva Elev Lower
(ft)","Qva Depth
Upper
(ft)","Qva Depth
Lower
(ft)","Qva Elev
Upper
(ft)","Qva Elev
Lower
(ft)","Qva-Qpvg Depth Upper
(ft)","Qva-Qpvg Depth Lower
(ft)","Qva-Qpvg Elev Upper
(ft)","Qva-Qpvg Elev Lower
(ft)","Qo Depth Upper
(ft)","Qo Depth Lower
(ft)","Qo Elev Upper
(ft)","Qo Elev Lower
(ft)","Qo-Qpo Depth Upper
(ft)","Qo-Qpo Depth Lower
(ft)","Qo-Qpo Elev Upper
(ft)","Qo-Qpo Elev Lower
(ft)","Qpo Depth Upper
(ft)","Qpo Depth Lower
(ft)","Qpo Elev Upper
(ft)","Qpo Elev Lower
(ft)","Qpog Depth Upper
(ft)","Qpog Depth Lower
(ft)","Qpog Elev Upper
(ft)","Qpog Elev Lower
(ft)","Qpvg Depth Upper
(ft)","Qpvg Depth Lower
(ft)","Qpvg Elev Upper
(ft)","Qpvg Elev Lower
(ft)","Qpvg-Qpy Depth Upper
(ft)","Qpvg-Qpy Depth Lower
(ft)","Qpvg-Qpy Elev Upper
(ft)","Qpvg-Qpy Elev Lower
(ft)","Qpy Depth Upper
(ft)","Qpy Depth Lower
(ft)","Qpy Elev Upper
(ft)","Qpy Elev Lower
(ft)","Qppyg Depth Upper
(ft)","Qppyg Depth Lower
(ft)","Qppyg Elev Upper
(ft)","Qppyg Elev Lower
(ft)","Qppyn Depth Upper
(ft)","Qppyn Depth Lower
(ft)","Qppyn Elev Upper
(ft)","Qppyn Elev Lower
(ft)"
{fb84afdb-7079-4405-a5e8-4a8b4791fd46},B-6,B-6 Log,556.0,60.0,496.0,Qo,--,--,--,--,0.0,28.0,556.0,528.0,--,--,--,--,--,--,--,--,--,--,--,--,28.0,40.0,528.0,516.0,--,--,--,--,--,--,--,--,--,--,--,--,40,BBOH,516.0,BBOH,--,--,--,--,--,--,--,--,--,--,--,--,--,--,--,--,--,--,--,--,--,--,--,--,--,--,--,--,--,--,--,--
{f596dd17-aeaf-44f2-9506-99a6c9f44444},EB-53,EB-53 Log,558.0,160.0,398.0,Qpy,--,--,--,--,0.0,20.5,558.0,537.5,--,--,--,--,--,--,--,--,20.5,26.5,537.5,531.5,--,--,--,--,--,--,--,--,--,--,--,--,--,--,--,--,26.5,92.5,531.5,465.5,92.5,138,465.5,420.0,--,--,--,--,--,--,--,--,--,--,--,--,--,--,--,--,138,BBOH,420.0,BBOH,--,--,--,--,--,--,--,--
{d55dfe9c-5d44-4f13-b1f0-d37241f28f1f},EB-53W,EB-53W Log,558.5,136.0,422.5,Qo-Qpo,--,--,--,--,0.0,22.0,558.5,536.5,--,--,--,--,--,--,--,--,--,--,--,--,22.0,28.0,536.5,530.5,--,--,--,--,--,--,--,--,--,--,--,--,28,92.5,530.5,466.0,92.5,BBOH,466.0,BBOH,--,--,--,--,--,--,--,--,--,--,--,--,--,--,--,--,--,--,--,--,--,--,--,--,--,--,--,--
{ef393255-76be-4d38-b4d1-803339b63931},EB-54UIC,EB-54UIC Log,562.0,100.0,462.0,Qo,--,--,--,--,0.0,20.0,562.0,542.0,--,--,--,--,--,--,--,--,--,--,--,--,--,--,--,--,--,--,--,--,--,--,--,--,--,--,--,--,20,BBOH,542.0,BBOH,--,--,--,--,--,--,--,--,--,--,--,--,--,--,--,--,--,--,--,--,--,--,--,--,--,--,--,--,--,--,--,--
{9f694fb7-8a1b-448b-9db7-d5d93b28b449},EB-55UIC,EB-55UIC Log,557.1,100.0,457.1,Qo-Qpo,--,--,--,--,0.5,30.0,556.6,527.1,--,--,--,--,--,--,--,--,--,--,--,--,--,--,--,--,--,--,--,--,--,--,--,--,--,--,--,--,30,92,527.1,465.1,92,BBOH,465.1,BBOH,--,--,--,--,--,--,--,--,--,--,--,--,--,--,--,--,--,--,--,--,--,--,--,--,--,--,--,--
{cd971f33-9bb9-41c1-ab43-9a7ee81e9389},EB-56UIC,EB-56UIC Log,562.0,101.0,461.0,Qo-Qpo,--,--,--,--,0.0,29.0,562.0,533.0,--,--,--,--,--,--,--,--,--,--,--,--,--,--,--,--,--,--,--,--,--,--,--,--,--,--,--,--,29,95,533.0,467.0,95,BBOH,467.0,BBOH,--,--,--,--,--,--,--,--,--,--,--,--,--,--,--,--,--,--,--,--,--,--,--,--,--,--,--,--
{3c040e65-289b-403a-897e-08c88c53d141},EB-62UIC,EB-62UIC Log,545.9,70.0,475.9,Qo,--,--,--,--,0.0,20.0,545.9,525.9,--,--,--,--,--,--,--,--,--,--,--,--,--,--,--,--,--,--,--,--,--,--,--,--,--,--,--,--,20,BBOH,525.9,BBOH,--,--,--,--,--,--,--,--,--,--,--,--,--,--,--,--,--,--,--,--,--,--,--,--,--,--,--,--,--,--,--,--
{773d88d7-9183-406c-9e13-d9f99400a439},EB-63UIC,EB-63UIC Log,542.9,70.0,472.9,Qo,--,--,--,--,0.0,18.5,542.9,524.4,--,--,--,--,--,--,--,--,--,--,--,--,--,--,--,--,--,--,--,--,--,--,--,--,--,--,--,--,18.5,BBOH,524.4,BBOH,--,--,--,--,--,--,--,--,--,--,--,--,--,--,--,--,--,--,--,--,--,--,--,--,--,--,--,--,--,--,--,--
{682bf731-fd26-4873-9e7a-edf0aeb86c14},EB-64W,EB-64W Log,545.0,135.5,409.5,Qo-Qpo,--,--,--,--,0.0,20.0,545.0,525.0,--,--,--,--,--,--,--,--,--,--,--,--,--,--,--,--,--,--,--,--,--,--,--,--,--,--,--,--,20,80,525.0,465.0,80,BBOH,465.0,BBOH,--,--,--,--,--,--,--,--,--,--,--,--,--,--,--,--,--,--,--,--,--,--,--,--,--,--,--,--
{e37fae2e-37f4-41dd-83df-fcfad10b0abf},EB-65UIC,EB-65UIC Log,546.0,90.5,455.5,Qo-Qpo,--,--,--,--,0.5,19.0,545.5,527.0,--,--,--,--,--,--,--,--,--,--,--,--,--,--,--,--,--,--,--,--,--,--,--,--,--,--,--,--,19,81.5,527.0,464.5,81.5,BBOH,464.5,BBOH,--,--,--,--,--,--,--,--,--,--,--,--,--,--,--,--,--,--,--,--,--,--,--,--,--,--,--,--
{8dd55740-9cb5-40fd-ae30-1d3b3fa7df1f},EB-66UIC,EB-66UIC Log,546.0,90.5,455.5,Qo-Qpo,--,--,--,--,0.0,25.0,546.0,521.0,--,--,--,--,--,--,--,--,--,--,--,--,--,--,--,--,--,--,--,--,--,--,--,--,--,--,--,--,25,78,521.0,468.0,78,BBOH,468.0,BBOH,--,--,--,--,--,--,--,--,--,--,--,--,--,--,--,--,--,--,--,--,--,--,--,--,--,--,--,--
{f3fb0b61-c443-44da-a370-1bb4a8c1afe2},EB-68,EB-68 Log,661.9,212.0,449.9,Qo-Qpo,--,--,--,--,0.3,28.0,661.7,633.9,--,--,--,--,--,--,--,--,--,--,--,--,28.0,75.0,633.9,586.9,--,--,--,--,--,--,--,--,--,--,--,--,75,200,586.9,461.9,200,BBOH,461.9,BBOH,--,--,--,--,--,--,--,--,--,--,--,--,--,--,--,--,--,--,--,--,--,--,--,--,--,--,--,--
{48105943-739c-4b47-a2cf-6f8f1b0bd15b},EB-69,EB-69 Log,689.0,240.0,449.0,Qpo,--,--,--,--,0.0,22.5,689.0,666.5,--,--,--,--,22.5,95.5,666.5,593.5,--,--,--,--,--,--,--,--,--,--,--,--,--,--,--,--,--,--,--,--,95.5,170,593.5,519.0,170,234,519.0,455.0,234,BBOH,455.0,BBOH,--,--,--,--,--,--,--,--,--,--,--,--,--,--,--,--,--,--,--,--,--,--,--,--
{94a17447-e9db-40d0-8a4a-babf3bbccf6d},EB-70,EB-70 Log,625.0,80.0,545.0,Qo,0.0,3.0,625.0,622.0,3.0,20.5,622.0,604.5,--,--,--,--,--,--,--,--,--,--,--,--,--,--,--,--,--,--,--,--,--,--,--,--,--,--,--,--,20.5,BBOH,604.5,BBOH,--,--,--,--,--,--,--,--,--,--,--,--,--,--,--,--,--,--,--,--,--,--,--,--,--,--,--,--,--,--,--,--
{f0d7dd70-46c0-4899-929d-4bff767f7044},EB-71,EB-71 Log,620.1,80.0,540.1,Qo,0.0,35.0,620.1,585.1,37.0,42.5,583.1,577.6,--,--,--,--,--,--,--,--,--,--,--,--,--,--,--,--,--,--,--,--,--,--,--,--,--,--,--,--,42.5,BBOH,577.6,BBOH,--,--,--,--,--,--,--,--,--,--,--,--,--,--,--,--,--,--,--,--,--,--,--,--,--,--,--,--,--,--,--,--
{664c2bbc-6ce9-4f6a-8c93-1b1bb523e9ff},EB-72,EB-72 Log,625.4,85.0,540.4,Qo,0.0,16.8,625.4,608.6,17.0,22.5,608.4,602.9,--,--,--,--,--,--,--,--,--,--,--,--,--,--,--,--,--,--,--,--,--,--,--,--,--,--,--,--,22.5,BBOH,602.9,BBOH,--,--,--,--,--,--,--,--,--,--,--,--,--,--,--,--,--,--,--,--,--,--,--,--,--,--,--,--,--,--,--,--
{c7943524-2326-409d-99a6-4ca014371405},EB-73,EB-73 Log,659.1,110.0,549.1,Qo,--,--,--,--,0.0,19.0,659.1,640.1,--,--,--,--,--,--,--,--,--,--,--,--,19.0,60.0,640.1,599.1,--,--,--,--,--,--,--,--,--,--,--,--,60,BBOH,599.1,BBOH,--,--,--,--,--,--,--,--,--,--,--,--,--,--,--,--,--,--,--,--,--,--,--,--,--,--,--,--,--,--,--,--
{fc691d74-792b-422e-afdc-57e2960b3e2e},EB-74,EB-74 Log,665.5,115.0,550.5,Qo,--,--,--,--,0.0,18.0,665.5,647.5,--,--,--,--,--,--,--,--,--,--,--,--,--,--,--,--,--,--,--,--,18.0,56.0,647.5,609.5,--,--,--,--,56,BBOH,609.5,BBOH,--,--,--,--,--,--,--,--,--,--,--,--,--,--,--,--,--,--,--,--,--,--,--,--,--,--,--,--,--,--,--,--
{50736ffd-8bfa-48c1-805c-15efaa76cf06},EB-75,EB-75 Log,658.0,110.0,548.0,Qo,--,--,--,--,0.0,25.5,658.0,632.5,--,--,--,--,--,--,--,--,--,--,--,--,25.5,38.0,632.5,620.0,--,--,--,--,--,--,--,--,--,--,--,--,38,BBOH,620.0,BBOH,--,--,--,--,--,--,--,--,--,--,--,--,--,--,--,--,--,--,--,--,--,--,--,--,--,--,--,--,--,--,--,--
{10b0ff40-20e5-4081-a543-d14a728d85df},EB-76,EB-76 Log,662.2,120.0,542.2,Qo,0.0,2.0,662.2,660.2,2.0,6.5,660.2,655.7,--,--,--,--,--,--,--,--,--,--,--,--,6.5,50.0,655.7,612.2,--,--,--,--,--,--,--,--,--,--,--,--,50,BBOH,612.2,BBOH,--,--,--,--,--,--,--,--,--,--,--,--,--,--,--,--,--,--,--,--,--,--,--,--,--,--,--,--,--,--,--,--
{44b6c867-8e74-45b0-b8ae-1911b16c169c},EB-77,EB-77 Log,661.1,258.0,403.1,Qpy,--,--,--,--,0.0,25.0,661.1,636.1,--,--,--,--,--,--,--,--,--,--,--,--,25.0,42.5,636.1,618.6,--,--,--,--,42.5,58.0,618.6,603.1,--,--,--,--,58,245.5,603.1,415.6,--,--,--,--,--,--,--,--,--,--,--,--,--,--,--,--,--,--,--,--,245.5,BBOH,415.6,BBOH,--,--,--,--,--,--,--,--
{c002f589-c027-4fb9-bb54-fbc261913697},EB-78,EB-78 Log,659.9,130.0,529.9,Qo,--,--,--,--,0.0,23.0,659.9,636.9,--,--,--,--,--,--,--,--,--,--,--,--,23.0,66.0,636.9,593.9,--,--,--,--,--,--,--,--,--,--,--,--,66,BBOH,593.9,BBOH,--,--,--,--,--,--,--,--,--,--,--,--,--,--,--,--,--,--,--,--,--,--,--,--,--,--,--,--,--,--,--,--
{03afb0eb-a739-490a-a41a-14e6b47791ab},EB-79,EB-79 Log,663.5,130.0,533.5,Qo,--,--,--,--,0.0,17.0,663.5,646.5,--,--,--,--,--,--,--,--,--,--,--,--,17.0,48.5,646.5,615.0,--,--,--,--,--,--,--,--,--,--,--,--,48.5,BBOH,615.0,BBOH,--,--,--,--,--,--,--,--,--,--,--,--,--,--,--,--,--,--,--,--,--,--,--,--,--,--,--,--,--,--,--,--
{4eb7f5b1-5baf-4893-b3ed-1025f04c7cc7},EB-80,EB-80 Log,660.1,130.0,530.1,Qo,--,--,--,--,0.0,20.0,660.1,640.1,--,--,--,--,--,--,--,--,--,--,--,--,20.0,51.5,640.1,608.6,--,--,--,--,--,--,--,--,--,--,--,--,51.5,BBOH,608.6,BBOH,--,--,--,--,--,--,--,--,--,--,--,--,--,--,--,--,--,--,--,--,--,--,--,--,--,--,--,--,--,--,--,--
{0af59276-ca65-4400-bbb4-14de7d162f6b},EB-81-ITU,EB-81-ITU Log,662.0,129.5,532.5,Qo,--,--,--,--,0.0,27.5,662.0,634.5,--,--,--,--,--,--,--,--,--,--,--,--,27.5,35.0,634.5,627.0,--,--,--,--,35.0,47.0,627.0,615.0,--,--,--,--,47,BBOH,615.0,BBOH,--,--,--,--,--,--,--,--,--,--,--,--,--,--,--,--,--,--,--,--,--,--,--,--,--,--,--,--,--,--,--,--
{bc6aaf54-a5ec-4e07-a2ef-65553ad8d776},EB-82-ITU,EB-82-ITU Log,660.5,130.0,530.5,Qo,--,--,--,--,0.0,28.0,660.5,632.5,--,--,--,--,--,--,--,--,--,--,--,--,28.0,62.0,632.5,598.5,--,--,--,--,--,--,--,--,--,--,--,--,62,BBOH,598.5,BBOH,--,--,--,--,--,--,--,--,--,--,--,--,--,--,--,--,--,--,--,--,--,--,--,--,--,--,--,--,--,--,--,--
{946852eb-eb68-4493-9273-d4c4c0ee2b0d},EB-83-ITU,EB-83-ITU Log,661.4,129.5,531.9,Qo,--,--,--,--,0.0,14.0,661.4,647.4,--,--,--,--,--,--,--,--,--,--,--,--,14.0,51.5,647.4,609.9,--,--,--,--,--,--,--,--,--,--,--,--,51.5,BBOH,609.9,BBOH,--,--,--,--,--,--,--,--,--,--,--,--,--,--,--,--,--,--,--,--,--,--,--,--,--,--,--,--,--,--,--,--
{2a53655e-e6be-4272-a38b-ac4bfe3a4812},EB-84-ITU,EB-84-ITU Log,655.0,118.0,537.0,Qo,--,--,--,--,0.0,20.0,655.0,635.0,--,--,--,--,--,--,--,--,--,--,--,--,20.0,47.0,635.0,608.0,--,--,--,--,--,--,--,--,--,--,--,--,47,BBOH,608.0,BBOH,--,--,--,--,--,--,--,--,--,--,--,--,--,--,--,--,--,--,--,--,--,--,--,--,--,--,--,--,--,--,--,--
{e9f74007-572f-4fe3-888b-8415174af800},EB-85W,EB-85W Log,665.6,263.0,402.6,Qpy,--,--,--,--,0.0,24.0,665.6,641.6,--,--,--,--,--,--,--,--,--,--,--,--,24.0,39.0,641.6,626.6,--,--,--,--,39.0,67.5,626.6,598.1,--,--,--,--,67.5,245,598.1,420.6,--,--,--,--,--,--,--,--,--,--,--,--,--,--,--,--,--,--,--,--,245,BBOH,420.6,BBOH,--,--,--,--,--,--,--,--
1a20e4c8-f46f-4651-9bc9-2b6f68f38e89,EB-86W,EB-86W Log,666.0,130.0,536.0,Qo,--,--,--,--,0.0,25.0,666.0,641.0,--,--,--,--,--,--,--,--,--,--,--,--,25.0,57.0,641.0,609.0,--,--,--,--,57.0,82.5,609.0,583.5,--,--,--,--,82.5,BBOH,583.5,BBOH,--,--,--,--,--,--,--,--,--,--,--,--,--,--,--,--,--,--,--,--,--,--,--,--,--,--,--,--,--,--,--,--
eaa0a647-6a3a-4dfb-8261-6270b10873c2,EB-87W,EB-87W Log,657.7,130.0,527.7,Qo,--,--,--,--,0.0,19.5,657.7,638.2,--,--,--,--,--,--,--,--,--,--,--,--,19.5,68.5,638.2,589.2,--,--,--,--,--,--,--,--,--,--,--,--,68.5,BBOH,589.2,BBOH,--,--,--,--,--,--,--,--,--,--,--,--,--,--,--,--,--,--,--,--,--,--,--,--,--,--,--,--,--,--,--,--
{5a2f1fb5-fcb5-4047-9d2a-f9ded829931f},EB-88-ITU,,665.9,97.0,568.9,Qo,0.0,12.5,665.9,653.4,12.5,25.0,653.4,640.9,--,--,--,--,--,--,--,--,--,--,--,--,36.0,57.0,629.9,608.9,--,--,--,--,57.0,79.0,608.9,586.9,--,--,--,--,79,BBOH,586.9,BBOH,--,--,--,--,--,--,--,--,--,--,--,--,--,--,--,--,--,--,--,--,--,--,--,--,--,--,--,--,--,--,--,--
{2bc16d3d-4411-42dc-99be-ff57070c06f1},EB-89-ITU,,662.7,105.0,557.7,Qo,--,--,--,--,0.0,30.0,662.7,632.7,--,--,--,--,--,--,--,--,--,--,--,--,30.0,42.0,632.7,620.7,--,--,--,--,--,--,--,--,--,--,--,--,42,BBOH,620.7,BBOH,--,--,--,--,--,--,--,--,--,--,--,--,--,--,--,--,--,--,--,--,--,--,--,--,--,--,--,--,--,--,--,--
{ad122227-6c93-4ec3-9b06-f71b4af1d91d},EB-90-ITU,,663.8,96.0,567.8,Qo,--,--,--,--,0.0,37.0,663.8,626.8,--,--,--,--,--,--,--,--,--,--,--,--,37.0,63.0,626.8,600.8,--,--,--,--,--,--,--,--,--,--,--,--,63,BBOH,600.8,BBOH,--,--,--,--,--,--,--,--,--,--,--,--,--,--,--,--,--,--,--,--,--,--,--,--,--,--,--,--,--,--,--,--
{2fb261d2-8f19-4aa7-9348-86cade3158d0},EB-91-ITU,,657.6,104.0,553.6,Qo,--,--,--,--,0.0,27.0,657.6,630.6,--,--,--,--,--,--,--,--,--,--,--,--,27.0,48.0,630.6,609.6,--,--,--,--,--,--,--,--,--,--,--,--,48,BBOH,609.6,BBOH,--,--,--,--,--,--,--,--,--,--,--,--,--,--,--,--,--,--,--,--,--,--,--,--,--,--,--,--,--,--,--,--
{705788b0-3500-4c3a-bbec-3c05febd9b6d},EB-92-ITU,,665.9,99.0,566.9,Qo,--,--,--,--,0.0,26.0,665.9,639.9,--,--,--,--,--,--,--,--,--,--,--,--,26.0,51.0,639.9,614.9,--,--,--,--,51.0,93.0,614.9,572.9,--,--,--,--,93,BBOH,572.9,BBOH,--,--,--,--,--,--,--,--,--,--,--,--,--,--,--,--,--,--,--,--,--,--,--,--,--,--,--,--,--,--,--,--
{bcdffd70-5732-4109-85e8-d1fc053695a6},EP-70,EP-70,655.0,10.0,645.0,Qvt,0.0,1.0,655.0,654.0,1.0,9.0,654.0,646.0,--,--,--,--,--,--,--,--,--,--,--,--,9.0,BBOH,646.0,BBOH,--,--,--,--,--,--,--,--,--,--,--,--,--,--,--,--,--,--,--,--,--,--,--,--,--,--,--,--,--,--,--,--,--,--,--,--,--,--,--,--,--,--,--,--,--,--,--,--
{fe7bc248-4597-4f95-8b2f-fb8aa748630f},EP-114,EP-114 Log,615.0,8.5,606.5,Qvr,--,--,--,--,1.0,BBOH,614.0,BBOH,--,--,--,--,--,--,--,--,--,--,--,--,--,--,--,--,--,--,--,--,--,--,--,--,--,--,--,--,--,--,--,--,--,--,--,--,--,--,--,--,--,--,--,--,--,--,--,--,--,--,--,--,--,--,--,--,--,--,--,--,--,--,--,--
{eb2bde8f-18f5-46b1-9121-f5cc99b18a16},EP-143,EP-143 Log,685.0,13.0,672.0,Qvt,0.0,0.5,685.0,684.5,0.5,10.0,684.5,675.0,--,--,--,--,--,--,--,--,--,--,--,--,10.0,BBOH,675.0,BBOH,--,--,--,--,--,--,--,--,--,--,--,--,--,--,--,--,--,--,--,--,--,--,--,--,--,--,--,--,--,--,--,--,--,--,--,--,--,--,--,--,--,--,--,--,--,--,--,--
{1a5342e4-fde0-4ccf-b728-b64ccc324e24},EP-144,EP-144 Log,689.0,10.5,678.5,Qvt,--,--,--,--,0.5,7.0,688.5,682.0,--,--,--,--,--,--,--,--,--,--,--,--,7.0,BBOH,682.0,BBOH,--,--,--,--,--,--,--,--,--,--,--,--,--,--,--,--,--,--,--,--,--,--,--,--,--,--,--,--,--,--,--,--,--,--,--,--,--,--,--,--,--,--,--,--,--,--,--,--
{614f5181-4c95-4bd7-9e0a-98f7f9eb45ce},EP-149,EP-149 Log,679.0,11.0,668.0,Qvt,--,--,--,--,0.5,4.0,678.5,675.0,--,--,--,--,--,--,--,--,--,--,--,--,4.0,BBOH,675.0,BBOH,--,--,--,--,--,--,--,--,--,--,--,--,--,--,--,--,--,--,--,--,--,--,--,--,--,--,--,--,--,--,--,--,--,--,--,--,--,--,--,--,--,--,--,--,--,--,--,--
{3b19d107-c312-4edd-9070-09db847dbf77},EP-153,EP-153 Log,675.0,10.5,664.5,Qvt,--,--,--,--,0.5,6.0,674.5,669.0,--,--,--,--,--,--,--,--,--,--,--,--,6.0,BBOH,669.0,BBOH,--,--,--,--,--,--,--,--,--,--,--,--,--,--,--,--,--,--,--,--,--,--,--,--,--,--,--,--,--,--,--,--,--,--,--,--,--,--,--,--,--,--,--,--,--,--,--,--
{59b2101d-fbe5-4b63-9300-2bbcf26fb034},EP-210B,EP-210B Log,680.0,31.0,649.0,Qvt,--,--,--,--,1.0,7.0,679.0,673.0,--,--,--,--,--,--,--,--,--,--,--,--,7.0,BBOH,673.0,BBOH,--,--,--,--,--,--,--,--,--,--,--,--,--,--,--,--,--,--,--,--,--,--,--,--,--,--,--,--,--,--,--,--,--,--,--,--,--,--,--,--,--,--,--,--,--,--,--,--
{2b5b0e98-826f-46ce-8e38-72253c93ceec},EP-213,EP-213 Log,678.0,22.0,656.0,Qvr,--,--,--,--,0.5,BBOH,677.5,BBOH,--,--,--,--,--,--,--,--,--,--,--,--,--,--,--,--,--,--,--,--,--,--,--,--,--,--,--,--,--,--,--,--,--,--,--,--,--,--,--,--,--,--,--,--,--,--,--,--,--,--,--,--,--,--,--,--,--,--,--,--,--,--,--,--
{76df6fd3-e1a0-4e69-accb-49b6f431945d},EP-484,EP-484 Log,654.0,24.0,630.0,Qvi,--,--,--,--,0.5,14.0,653.5,640.0,--,--,--,--,14.0,BBOH,640.0,BBOH,--,--,--,--,--,--,--,--,--,--,--,--,--,--,--,--,--,--,--,--,--,--,--,--,--,--,--,--,--,--,--,--,--,--,--,--,--,--,--,--,--,--,--,--,--,--,--,--,--,--,--,--,--,--,--,--
{9e921f20-616d-48a1-a1c5-a36644e7f296},EP-485,EP-485 Log,654.0,32.0,622.0,Qvi,--,--,--,--,0.5,12.0,653.5,642.0,--,--,--,--,12.0,BBOH,642.0,BBOH,--,--,--,--,--,--,--,--,--,--,--,--,--,--,--,--,--,--,--,--,--,--,--,--,--,--,--,--,--,--,--,--,--,--,--,--,--,--,--,--,--,--,--,--,--,--,--,--,--,--,--,--,--,--,--,--
{db79f993-a2c7-4411-88b9-b5cba10e8fd7},EP-486,EP-486 Log,635.0,25.0,610.0,Qva,--,--,--,--,0.0,10.0,635.0,625.0,--,--,--,--,10.0,22.5,625.0,612.5,--,--,--,--,--,--,--,--,--,--,--,--,22.5,BBOH,612.5,BBOH,--,--,--,--,--,--,--,--,--,--,--,--,--,--,--,--,--,--,--,--,--,--,--,--,--,--,--,--,--,--,--,--,--,--,--,--,--,--,--,--
{60e03470-1399-46b0-b6f2-944e9aae24b8},EP-487,EP-487 Log,663.0,30.0,633.0,Qvi,--,--,--,--,0.5,29.0,662.5,634.0,--,--,--,--,29.0,BBOH,634.0,BBOH,--,--,--,--,--,--,--,--,--,--,--,--,--,--,--,--,--,--,--,--,--,--,--,--,--,--,--,--,--,--,--,--,--,--,--,--,--,--,--,--,--,--,--,--,--,--,--,--,--,--,--,--,--,--,--,--
{e106d3b0-b635-401c-bed9-49105733adb3},EP-488,EP-488 Log,668.0,30.0,638.0,Qvi,--,--,--,--,0.0,25.0,668.0,643.0,--,--,--,--,25.0,BBOH,643.0,BBOH,--,--,--,--,--,--,--,--,--,--,--,--,--,--,--,--,--,--,--,--,--,--,--,--,--,--,--,--,--,--,--,--,--,--,--,--,--,--,--,--,--,--,--,--,--,--,--,--,--,--,--,--,--,--,--,--
{6daf6fd5-0ded-41fd-9a84-77e95567a801},IT-53,IT-53 Log,667.3,20.0,647.3,Qvr,--,--,--,--,0.0,BBOH,667.3,BBOH,--,--,--,--,--,--,--,--,--,--,--,--,--,--,--,--,--,--,--,--,--,--,--,--,--,--,--,--,--,--,--,--,--,--,--,--,--,--,--,--,--,--,--,--,--,--,--,--,--,--,--,--,--,--,--,--,--,--,--,--,--,--,--,--
{29ef89f6-5e78-4966-a80d-3017ab00ac95},IT-54,IT-54 Log,688.0,25.0,663.0,Qva,0.0,0.5,688.0,687.5,0.5,20.0,687.5,668.0,--,--,--,--,--,--,--,--,--,--,--,--,--,--,--,--,--,--,--,--,20.0,BBOH,668.0,BBOH,--,--,--,--,--,--,--,--,--,--,--,--,--,--,--,--,--,--,--,--,--,--,--,--,--,--,--,--,--,--,--,--,--,--,--,--,--,--,--,--
{18865225-683c-48a0-a9d8-c6a1027df30e},IT-55,IT-55 Log,680.3,25.0,655.3,Qva,0.0,0.5,680.3,679.8,0.5,20.0,679.8,660.3,--,--,--,--,--,--,--,--,--,--,--,--,--,--,--,--,--,--,--,--,20.0,BBOH,660.3,BBOH,--,--,--,--,--,--,--,--,--,--,--,--,--,--,--,--,--,--,--,--,--,--,--,--,--,--,--,--,--,--,--,--,--,--,--,--,--,--,--,--
{315d761e-a9d9-4e05-92bb-fe48110e26b3},IT-56,IT-56 Log,687.9,25.0,662.9,Qva,0.0,0.5,687.9,687.4,0.5,20.0,687.4,667.9,--,--,--,--,--,--,--,--,--,--,--,--,--,--,--,--,--,--,--,--,20.0,BBOH,667.9,BBOH,--,--,--,--,--,--,--,--,--,--,--,--,--,--,--,--,--,--,--,--,--,--,--,--,--,--,--,--,--,--,--,--,--,--,--,--,--,--,--,--
{4d45e25f-5876-4758-a5ff-b5ebf1f3642b},EP-608,EP-608 Log,661.0,16.5,644.5,Qvr,--,--,--,--,0.0,BBOH,661.0,BBOH,--,--,--,--,--,--,--,--,--,--,--,--,--,--,--,--,--,--,--,--,--,--,--,--,--,--,--,--,--,--,--,--,--,--,--,--,--,--,--,--,--,--,--,--,--,--,--,--,--,--,--,--,--,--,--,--,--,--,--,--,--,--,--,--
{fdae2b7b-c680-4174-a3d1-4633a8a51069},EP-609,EP-609 Log,663.0,16.5,646.5,Qvt,--,--,--,--,0.0,16.0,663.0,647.0,--,--,--,--,--,--,--,--,--,--,--,--,16.0,BBOH,647.0,BBOH,--,--,--,--,--,--,--,--,--,--,--,--,--,--,--,--,--,--,--,--,--,--,--,--,--,--,--,--,--,--,--,--,--,--,--,--,--,--,--,--,--,--,--,--,--,--,--,--
{58b561cb-9b39-4351-b302-453a83e2b213},EP-610,EP-610 Log,664.0,14.0,650.0,Qvr,--,--,--,--,0.0,BBOH,664.0,BBOH,--,--,--,--,--,--,--,--,--,--,--,--,--,--,--,--,--,--,--,--,--,--,--,--,--,--,--,--,--,--,--,--,--,--,--,--,--,--,--,--,--,--,--,--,--,--,--,--,--,--,--,--,--,--,--,--,--,--,--,--,--,--,--,--
{a347e2d0-5abb-4e7d-8c1e-72fd83e6968a},EP-611,EP-611 Log,659.0,16.0,643.0,Qvr,--,--,--,--,0.0,BBOH,659.0,BBOH,--,--,--,--,--,--,--,--,--,--,--,--,--,--,--,--,--,--,--,--,--,--,--,--,--,--,--,--,--,--,--,--,--,--,--,--,--,--,--,--,--,--,--,--,--,--,--,--,--,--,--,--,--,--,--,--,--,--,--,--,--,--,--,--
{51654d47-4a7a-4560-baf6-532b434c861f},EP-612,EP-612 Log,652.0,10.5,641.5,Qvt,--,--,--,--,0.0,5.0,652.0,647.0,--,--,--,--,--,--,--,--,--,--,--,--,5.0,BBOH,647.0,BBOH,--,--,--,--,--,--,--,--,--,--,--,--,--,--,--,--,--,--,--,--,--,--,--,--,--,--,--,--,--,--,--,--,--,--,--,--,--,--,--,--,--,--,--,--,--,--,--,--
{6139899b-066c-4208-a270-8e1208bdbf7f},EP-613,EP-613 Log,666.0,17.0,649.0,Qvt,--,--,--,--,0.0,16.5,666.0,649.5,--,--,--,--,--,--,--,--,--,--,--,--,16.5,BBOH,649.5,BBOH,--,--,--,--,--,--,--,--,--,--,--,--,--,--,--,--,--,--,--,--,--,--,--,--,--,--,--,--,--,--,--,--,--,--,--,--,--,--,--,--,--,--,--,--,--,--,--,--
{6d22c98e-8647-471d-a7ec-cd4bffa9bef3},EP-614,EP-614 Log,673.0,12.5,660.5,Qvt,--,--,--,--,0.0,12.0,673.0,661.0,--,--,--,--,--,--,--,--,--,--,--,--,12.0,BBOH,661.0,BBOH,--,--,--,--,--,--,--,--,--,--,--,--,--,--,--,--,--,--,--,--,--,--,--,--,--,--,--,--,--,--,--,--,--,--,--,--,--,--,--,--,--,--,--,--,--,--,--,--
{8469f79c-4483-43ed-96b1-8748e51c2e01},EP-615,EP-615 Log,670.0,14.0,656.0,Qvr,0.0,4.0,670.0,666.0,4.0,BBOH,666.0,BBOH,--,--,--,--,--,--,--,--,--,--,--,--,--,--,--,--,--,--,--,--,--,--,--,--,--,--,--,--,--,--,--,--,--,--,--,--,--,--,--,--,--,--,--,--,--,--,--,--,--,--,--,--,--,--,--,--,--,--,--,--,--,--,--,--
{dd0ba68f-35a0-4a7b-b822-d749d5a2180c},EP-616,EP-616 Log,663.0,20.0,643.0,Qvr,--,--,--,--,0.0,BBOH,663.0,BBOH,--,--,--,--,--,--,--,--,--,--,--,--,--,--,--,--,--,--,--,--,--,--,--,--,--,--,--,--,--,--,--,--,--,--,--,--,--,--,--,--,--,--,--,--,--,--,--,--,--,--,--,--,--,--,--,--,--,--,--,--,--,--,--,--
{d0f02112-6775-491b-aeae-9a3e9af1006d},EP-617,EP-617 Log,660.0,16.0,644.0,Qvr,--,--,--,--,0.0,BBOH,660.0,BBOH,--,--,--,--,--,--,--,--,--,--,--,--,--,--,--,--,--,--,--,--,--,--,--,--,--,--,--,--,--,--,--,--,--,--,--,--,--,--,--,--,--,--,--,--,--,--,--,--,--,--,--,--,--,--,--,--,--,--,--,--,--,--,--,--
{d4db36b3-ed02-43fd-9919-6a88bed9028f},EP-618,EP-618 Log,662.0,11.0,651.0,Qvt,--,--,--,--,0.0,10.0,662.0,652.0,--,--,--,--,--,--,--,--,--,--,--,--,10.0,BBOH,652.0,BBOH,--,--,--,--,--,--,--,--,--,--,--,--,--,--,--,--,--,--,--,--,--,--,--,--,--,--,--,--,--,--,--,--,--,--,--,--,--,--,--,--,--,--,--,--,--,--,--,--
{8c9bea9a-80d9-4c6f-8ad5-3a7eb1d494b9},IT-70,IT-70 Log,674.8,12.0,662.8,Qvr,--,--,--,--,0.0,BBOH,674.8,BBOH,--,--,--,--,--,--,--,--,--,--,--,--,--,--,--,--,--,--,--,--,--,--,--,--,--,--,--,--,--,--,--,--,--,--,--,--,--,--,--,--,--,--,--,--,--,--,--,--,--,--,--,--,--,--,--,--,--,--,--,--,--,--,--,--
{95576e83-b0c5-45f0-8ac9-0dddeadc3b2b},IT-71,IT-71 Log,658.9,10.0,648.9,Qvr,--,--,--,--,0.0,BBOH,658.9,BBOH,--,--,--,--,--,--,--,--,--,--,--,--,--,--,--,--,--,--,--,--,--,--,--,--,--,--,--,--,--,--,--,--,--,--,--,--,--,--,--,--,--,--,--,--,--,--,--,--,--,--,--,--,--,--,--,--,--,--,--,--,--,--,--,--
{c69702e0-9518-45b4-a800-c036a846daa6},IT-72,IT-72 Log,665.8,15.0,650.8,Qvt,--,--,--,--,0.0,8.5,665.8,657.3,--,--,--,--,--,--,--,--,--,--,--,--,8.5,BBOH,657.3,BBOH,--,--,--,--,--,--,--,--,--,--,--,--,--,--,--,--,--,--,--,--,--,--,--,--,--,--,--,--,--,--,--,--,--,--,--,--,--,--,--,--,--,--,--,--,--,--,--,--
{4caafbb1-e08b-4d66-a137-6488d46a8cb0},IT-73,IT-73 Log,655.3,14.0,641.3,Qvt,--,--,--,--,0.0,6.0,655.3,649.3,--,--,--,--,--,--,--,--,--,--,--,--,6.0,BBOH,649.3,BBOH,--,--,--,--,--,--,--,--,--,--,--,--,--,--,--,--,--,--,--,--,--,--,--,--,--,--,--,--,--,--,--,--,--,--,--,--,--,--,--,--,--,--,--,--,--,--,--,--
{6be973b2-73bb-455e-80e5-d401ac49b868},IT-74,IT-74 Log,665.9,16.5,649.4,Qvt,--,--,--,--,0.0,13.5,665.9,652.4,--,--,--,--,--,--,--,--,--,--,--,--,13.5,BBOH,652.4,BBOH,--,--,--,--,--,--,--,--,--,--,--,--,--,--,--,--,--,--,--,--,--,--,--,--,--,--,--,--,--,--,--,--,--,--,--,--,--,--,--,--,--,--,--,--,--,--,--,--
{de8dd557-1631-463b-a831-45737f097450},EP-650,EP-650 Log,651.8,25.0,626.8,Qvt,--,--,--,--,0.5,7.0,651.3,644.8,--,--,--,--,--,--,--,--,--,--,--,--,7.0,BBOH,644.8,BBOH,--,--,--,--,--,--,--,--,--,--,--,--,--,--,--,--,--,--,--,--,--,--,--,--,--,--,--,--,--,--,--,--,--,--,--,--,--,--,--,--,--,--,--,--,--,--,--,--
{ea7eef61-0d68-4304-bde2-6b8248734aab},EP-651,EP-651 Log,651.8,22.0,629.8,Qvt,--,--,--,--,0.5,8.0,651.3,643.8,--,--,--,--,--,--,--,--,--,--,--,--,8.0,BBOH,643.8,BBOH,--,--,--,--,--,--,--,--,--,--,--,--,--,--,--,--,--,--,--,--,--,--,--,--,--,--,--,--,--,--,--,--,--,--,--,--,--,--,--,--,--,--,--,--,--,--,--,--
{7d4b8b6a-bd93-4e7a-92af-ba3297f76537},EP-652,EP-652 Log,673.6,20.0,653.6,Qvt,--,--,--,--,0.3,6.0,673.3,667.6,--,--,--,--,--,--,--,--,--,--,--,--,6.0,BBOH,667.6,BBOH,--,--,--,--,--,--,--,--,--,--,--,--,--,--,--,--,--,--,--,--,--,--,--,--,--,--,--,--,--,--,--,--,--,--,--,--,--,--,--,--,--,--,--,--,--,--,--,--
{d27bdc71-c800-4133-ade4-61c6c46177dc},EP-653,EP-653 Log,626.0,25.0,601.0,Qvi,0.0,17.0,626.0,609.0,17.0,21.0,609.0,605.0,--,--,--,--,21.0,BBOH,605.0,BBOH,--,--,--,--,--,--,--,--,--,--,--,--,--,--,--,--,--,--,--,--,--,--,--,--,--,--,--,--,--,--,--,--,--,--,--,--,--,--,--,--,--,--,--,--,--,--,--,--,--,--,--,--,--,--,--,--
{7b35a786-0308-4128-a9a4-d0c9f46fb8bd},EP-654,EP-654 Log,624.0,27.0,597.0,Qvi,0.0,21.0,624.0,603.0,21.5,23.0,602.5,601.0,--,--,--,--,23.0,BBOH,601.0,BBOH,--,--,--,--,--,--,--,--,--,--,--,--,--,--,--,--,--,--,--,--,--,--,--,--,--,--,--,--,--,--,--,--,--,--,--,--,--,--,--,--,--,--,--,--,--,--,--,--,--,--,--,--,--,--,--,--
{9d01dd8e-55ee-44e4-b125-2403be9d1098},EP-655,EP-655 Log,623.5,26.0,597.5,Qvt,0.0,15.5,623.5,608.0,15.5,24.0,608.0,599.5,--,--,--,--,--,--,--,--,--,--,--,--,24.0,BBOH,599.5,BBOH,--,--,--,--,--,--,--,--,--,--,--,--,--,--,--,--,--,--,--,--,--,--,--,--,--,--,--,--,--,--,--,--,--,--,--,--,--,--,--,--,--,--,--,--,--,--,--,--
{80c94218-8639-4285-98a3-4205d31eb3c7},EP-656,EP-656 Log,626.5,26.0,600.5,Qvi,0.0,18.0,626.5,608.5,18.0,24.0,608.5,602.5,--,--,--,--,24.0,BBOH,602.5,BBOH,--,--,--,--,--,--,--,--,--,--,--,--,--,--,--,--,--,--,--,--,--,--,--,--,--,--,--,--,--,--,--,--,--,--,--,--,--,--,--,--,--,--,--,--,--,--,--,--,--,--,--,--,--,--,--,--
{f1182a3d-129c-48c5-97e1-27f1d63cc4e6},EP-657,EP-657 Log,627.0,25.0,602.0,Qvi,0.0,17.0,627.0,610.0,--,--,--,--,--,--,--,--,17.0,BBOH,610.0,BBOH,--,--,--,--,--,--,--,--,--,--,--,--,--,--,--,--,--,--,--,--,--,--,--,--,--,--,--,--,--,--,--,--,--,--,--,--,--,--,--,--,--,--,--,--,--,--,--,--,--,--,--,--,--,--,--,--
{4fceeecf-80f1-433a-8f18-25ecb25b2467},EP-658,EP-658 Log,664.5,27.0,637.5,Qva,0.3,3.0,664.3,661.5,3.3,20.0,661.3,644.5,--,--,--,--,--,--,--,--,--,--,--,--,20.0,22.5,644.5,642.0,--,--,--,--,22.5,BBOH,642.0,BBOH,--,--,--,--,--,--,--,--,--,--,--,--,--,--,--,--,--,--,--,--,--,--,--,--,--,--,--,--,--,--,--,--,--,--,--,--,--,--,--,--
{dcc0b5be-e9c5-43a6-9034-e177609adb88},EP-659,EP-659 Log,667.0,23.0,644.0,Qvr,0.0,0.8,667.0,666.3,0.8,BBOH,666.3,BBOH,--,--,--,--,--,--,--,--,--,--,--,--,--,--,--,--,--,--,--,--,--,--,--,--,--,--,--,--,--,--,--,--,--,--,--,--,--,--,--,--,--,--,--,--,--,--,--,--,--,--,--,--,--,--,--,--,--,--,--,--,--,--,--,--
{bf826be3-bbdf-47a4-9b46-0bacfcbe98f8},EP-660,EP-660 Log,665.0,16.0,649.0,Qvr,--,--,--,--,0.3,BBOH,664.7,BBOH,--,--,--,--,--,--,--,--,--,--,--,--,--,--,--,--,--,--,--,--,--,--,--,--,--,--,--,--,--,--,--,--,--,--,--,--,--,--,--,--,--,--,--,--,--,--,--,--,--,--,--,--,--,--,--,--,--,--,--,--,--,--,--,--
{62968836-8ee3-419f-8cc1-b4a6d21f62fc},EP-661,EP-661 Log,665.0,20.0,645.0,Qvr,0.0,5.0,665.0,660.0,5.0,BBOH,660.0,BBOH,--,--,--,--,--,--,--,--,--,--,--,--,--,--,--,--,--,--,--,--,--,--,--,--,--,--,--,--,--,--,--,--,--,--,--,--,--,--,--,--,--,--,--,--,--,--,--,--,--,--,--,--,--,--,--,--,--,--,--,--,--,--,--,--
{51439717-ba82-4550-8271-9cb3e70329c9},MW-33,MW-33 Log,655.03,15.5,639.5,Qvt,--,--,--,--,0.0,11.0,655.0,644.0,--,--,--,--,--,--,--,--,--,--,--,--,11.0,BBOH,644.0,BBOH,--,--,--,--,--,--,--,--,--,--,--,--,--,--,--,--,--,--,--,--,--,--,--,--,--,--,--,--,--,--,--,--,--,--,--,--,--,--,--,--,--,--,--,--,--,--,--,--
{59a5da1d-8bdb-491c-ac7e-7a270acecc65},MW-33R,MW-33R Log,657.30,14.0,643.3,Qvt,--,--,--,--,0.0,12.0,657.3,645.3,--,--,--,--,--,--,--,--,--,--,--,--,12.0,BBOH,645.3,BBOH,--,--,--,--,--,--,--,--,--,--,--,--,--,--,--,--,--,--,--,--,--,--,--,--,--,--,--,--,--,--,--,--,--,--,--,--,--,--,--,--,--,--,--,--,--,--,--,--
{0ec13836-92c1-4cda-b4eb-0fec9a0862c3},MW-34,MW-34 Log,668.24,21.5,646.7,Qvt,--,--,--,--,0.0,16.3,668.2,651.9,--,--,--,--,--,--,--,--,--,--,--,--,16.3,BBOH,651.9,BBOH,--,--,--,--,--,--,--,--,--,--,--,--,--,--,--,--,--,--,--,--,--,--,--,--,--,--,--,--,--,--,--,--,--,--,--,--,--,--,--,--,--,--,--,--,--,--,--,--
{478cca95-f03f-4d0d-9922-3c693ea1125c},MW-35,MW-35 Log,676.78,26.5,650.3,Qvt,--,--,--,--,0.3,10.0,676.5,666.8,--,--,--,--,--,--,--,--,--,--,--,--,10.0,BBOH,666.8,BBOH,--,--,--,--,--,--,--,--,--,--,--,--,--,--,--,--,--,--,--,--,--,--,--,--,--,--,--,--,--,--,--,--,--,--,--,--,--,--,--,--,--,--,--,--,--,--,--,--
{b27ab7fc-7a62-4a60-8059-10791bf20c99},MW-35R,MW-35R Log,675.61,15.0,660.6,Qvt,0.0,2.0,675.6,673.6,2.0,11.0,673.6,664.6,--,--,--,--,--,--,--,--,--,--,--,--,11.0,BBOH,664.6,BBOH,--,--,--,--,--,--,--,--,--,--,--,--,--,--,--,--,--,--,--,--,--,--,--,--,--,--,--,--,--,--,--,--,--,--,--,--,--,--,--,--,--,--,--,--,--,--,--,--
{997db251-9ef4-423d-80d4-3a13a62b75c7},MW-36,MW-36 Log,666.48,26.5,640.0,Qvt,--,--,--,--,0.3,9.0,666.2,657.5,--,--,--,--,--,--,--,--,--,--,--,--,14.0,BBOH,652.5,BBOH,--,--,--,--,--,--,--,--,--,--,--,--,--,--,--,--,--,--,--,--,--,--,--,--,--,--,--,--,--,--,--,--,--,--,--,--,--,--,--,--,--,--,--,--,--,--,--,--
{7b1a3d63-5144-48b1-b0b1-28ed1c6d6ef9},MW-37,MW-37 Log,657.26,21.5,635.8,Qvt,--,--,--,--,0.3,10.0,657.0,647.3,--,--,--,--,--,--,--,--,--,--,--,--,15.0,BBOH,642.3,BBOH,--,--,--,--,--,--,--,--,--,--,--,--,--,--,--,--,--,--,--,--,--,--,--,--,--,--,--,--,--,--,--,--,--,--,--,--,--,--,--,--,--,--,--,--,--,--,--,--
{f38c37da-07a6-4dd0-b8d7-5b2ebbad8606},MW-38,MW-38 Log,661.35,31.0,630.4,Qvt,--,--,--,--,0.0,25.0,661.4,636.4,--,--,--,--,--,--,--,--,--,--,--,--,25.0,BBOH,636.4,BBOH,--,--,--,--,--,--,--,--,--,--,--,--,--,--,--,--,--,--,--,--,--,--,--,--,--,--,--,--,--,--,--,--,--,--,--,--,--,--,--,--,--,--,--,--,--,--,--,--
{73082667-3ea8-426b-8aec-a2c3d855470f},MW-39,MW-39 Log,664.62,28.0,636.6,Qva,0.0,9.0,664.6,655.6,9.0,23.0,655.6,641.6,--,--,--,--,--,--,--,--,--,--,--,--,--,--,--,--,--,--,--,--,23.0,BBOH,641.6,BBOH,--,--,--,--,--,--,--,--,--,--,--,--,--,--,--,--,--,--,--,--,--,--,--,--,--,--,--,--,--,--,--,--,--,--,--,--,--,--,--,--
{812d0a21-d8b0-4014-8be2-8f1297b29548},MW-40,MW-40 Log,667.61,21.5,646.1,Qvt,--,--,--,--,0.0,17.0,667.6,650.6,--,--,--,--,--,--,--,--,--,--,--,--,17.0,BBOH,650.6,BBOH,--,--,--,--,--,--,--,--,--,--,--,--,--,--,--,--,--,--,--,--,--,--,--,--,--,--,--,--,--,--,--,--,--,--,--,--,--,--,--,--,--,--,--,--,--,--,--,--
{9bfd38b8-06ce-4172-82e0-d0c5a02c35cf},TW-13,TW-13 Log,546.0,180.0,366.0,Qpy,--,--,--,--,0.0,25.0,546.0,521.0,--,--,--,--,--,--,--,--,--,--,--,--,--,--,--,--,--,--,--,--,--,--,--,--,--,--,--,--,25,80,521.0,466.0,--,--,--,--,80,134,466.0,412.0,--,--,--,--,--,--,--,--,--,--,--,--,134,BBOH,412.0,BBOH,--,--,--,--,--,--,--,--
{1b47cb55-6a97-4d40-a41c-7cc06631867c},TW-14,TW-14 Log,549.0,280.0,269.0,Qppyn,--,--,--,--,0.0,80.0,549.0,469.0,--,--,--,--,--,--,--,--,--,--,--,--,80.0,92.0,469.0,457.0,--,--,--,--,92.0,112.0,457.0,437.0,--,--,--,--,--,--,--,--,--,--,--,--,--,--,--,--,--,--,--,--,--,--,--,--,--,--,--,--,112,209,437.0,340.0,209,221.5,340.0,327.5,221.5,BBOH,327.5,BBOH
{dbaeec39-710c-479d-b143-054f88de18b3},TW-16,TW-16 Log,543.6,70.0,473.6,Qo,--,--,--,--,0.0,20.5,543.6,523.1,--,--,--,--,--,--,--,--,--,--,--,--,--,--,--,--,--,--,--,--,--,--,--,--,--,--,--,--,20.5,BBOH,523.1,BBOH,--,--,--,--,--,--,--,--,--,--,--,--,--,--,--,--,--,--,--,--,--,--,--,--,--,--,--,--,--,--,--,--
{b7f45b3d-1a24-462b-bc57-f43e7288fa93},TW-17,TW-17 Log,546.7,65.0,481.7,Qo,--,--,--,--,0.3,20.0,546.5,526.7,--,--,--,--,--,--,--,--,--,--,--,--,--,--,--,--,--,--,--,--,--,--,--,--,--,--,--,--,20,BBOH,526.7,BBOH,--,--,--,--,--,--,--,--,--,--,--,--,--,--,--,--,--,--,--,--,--,--,--,--,--,--,--,--,--,--,--,--
{7be934f8-4742-4351-95ab-3556d64a7d15},TW-18,TW-18 Log,543.1,60.0,483.1,Qo,--,--,--,--,0.5,20.0,542.6,523.1,--,--,--,--,--,--,--,--,--,--,--,--,--,--,--,--,--,--,--,--,--,--,--,--,--,--,--,--,20,BBOH,523.1,BBOH,--,--,--,--,--,--,--,--,--,--,--,--,--,--,--,--,--,--,--,--,--,--,--,--,--,--,--,--,--,--,--,--
{4fd95efa-09b3-4bf1-8378-e1b2188db574},TW-19,TW-19 Log,643.1,240.0,403.1,Qpy,--,--,--,--,0.0,17.5,643.1,625.6,--,--,--,--,--,--,--,--,--,--,--,--,--,--,--,--,--,--,--,--,--,--,--,--,--,--,--,--,17.5,180,625.6,463.1,180,232.5,463.1,410.6,--,--,--,--,--,--,--,--,--,--,--,--,--,--,--,--,232.5,BBOH,410.6,BBOH,--,--,--,--,--,--,--,--
{08858dae-3a2b-4fc7-af93-571ab503f5ae},TW-1CRP,TW-1CRP Log,465.0,120.0,345.0,Qpy,--,--,--,--,0.0,34.0,465.0,431.0,34.0,43.5,431.0,421.5,--,--,--,--,--,--,--,--,--,--,--,--,--,--,--,--,--,--,--,--,43.5,59.0,421.5,406.0,--,--,--,--,--,--,--,--,--,--,--,--,--,--,--,--,--,--,--,--,--,--,--,--,59,BBOH,406.0,BBOH,--,--,--,--,--,--,--,--
{a6372ade-5df6-4b9a-b4e6-00e1f3356df5},TW-2,TW-2 Log,674.2,301.0,373.2,Qpy,--,--,--,--,0.0,15.0,674.2,659.2,--,--,--,--,--,--,--,--,--,--,--,--,--,--,--,--,--,--,--,--,--,--,--,--,--,--,--,--,15,185,659.2,489.2,185,285,489.2,389.2,--,--,--,--,--,--,--,--,--,--,--,--,--,--,--,--,285,BBOH,389.2,BBOH,--,--,--,--,--,--,--,--
{9ff9b02a-e436-4d00-867c-08d62024ae92},TW-20,TW-20 Log,660.8,270.0,390.8,Qpy,--,--,--,--,0.0,22.5,660.8,638.3,--,--,--,--,--,--,--,--,--,--,--,--,--,--,--,--,--,--,--,--,--,--,--,--,--,--,--,--,22.5,187,638.3,473.8,187,225,473.8,435.8,--,--,--,--,--,--,--,--,--,--,--,--,--,--,--,--,225,BBOH,435.8,BBOH,--,--,--,--,--,--,--,--
{7b5dc619-7fcc-4c71-a940-ddf85238aa72},TW-22,TW-22 Log,639.5,300.0,339.5,Qpy,--,--,--,--,0.0,12.5,639.5,627.0,--,--,--,--,--,--,--,--,--,--,--,--,--,--,--,--,--,--,--,--,12.5,57.5,627.0,582.0,--,--,--,--,57.5,202.5,582.0,437.0,202.5,262,437.0,377.5,--,--,--,--,--,--,--,--,--,--,--,--,--,--,--,--,262.5,BBOH,377.0,BBOH,--,--,--,--,--,--,--,--
{08036635-954a-49fe-8bf0-3743bbde1c82},TW-25,TW-25 Log,685.0,100.0,585.0,Qo,--,--,--,--,0.0,16.0,685.0,669.0,--,--,--,--,--,--,--,--,--,--,--,--,--,--,--,--,16.0,50.0,669.0,635.0,50.0,81.0,635.0,604.0,--,--,--,--,81,BBOH,604.0,BBOH,--,--,--,--,--,--,--,--,--,--,--,--,--,--,--,--,--,--,--,--,--,--,--,--,--,--,--,--,--,--,--,--
{ee5e3095-6404-4807-b8f8-b42c35c11b74},TW-26,TW-26 Log,680.0,100.0,580.0,Qva,--,--,--,--,0.0,20.0,680.0,660.0,--,--,--,--,--,--,--,--,--,--,--,--,--,--,--,--,20.0,51.5,660.0,628.5,51.5,BBOH,628.5,BBOH,--,--,--,--,--,--,--,--,--,--,--,--,--,--,--,--,--,--,--,--,--,--,--,--,--,--,--,--,--,--,--,--,--,--,--,--,--,--,--,--
{770764df-4182-47b7-8616-5e38bd6274c4},TW-27,TW-27 Log,676.0,100.0,576.0,Qva,0.0,11.5,676.0,664.5,--,--,--,--,--,--,--,--,--,--,--,--,--,--,--,--,--,--,--,--,11.5,41.0,664.5,635.0,41.0,BBOH,635.0,BBOH,--,--,--,--,--,--,--,--,--,--,--,--,--,--,--,--,--,--,--,--,--,--,--,--,--,--,--,--,--,--,--,--,--,--,--,--,--,--,--,--
{dc8d17a2-9a4b-478f-96ba-f28d1ca7bfed},TW-2CRP,TW-2CRP Log,465.0,90.0,375.0,Qvr,--,--,--,--,0.0,BBOH,465.0,BBOH,--,--,--,--,--,--,--,--,--,--,--,--,--,--,--,--,--,--,--,--,--,--,--,--,--,--,--,--,--,--,--,--,--,--,--,--,--,--,--,--,--,--,--,--,--,--,--,--,--,--,--,--,--,--,--,--,--,--,--,--,--,--,--,--
{99c4ad79-c31b-458f-9904-5e5466f0c16e},TW-46,TW-46 Log,447.9,74.0,373.9,Qpy,--,--,--,--,0.0,21.0,447.9,426.9,--,--,--,--,--,--,--,--,--,--,--,--,--,--,--,--,--,--,--,--,--,--,--,--,--,--,--,--,--,--,--,--,21,72,426.9,375.9,--,--,--,--,--,--,--,--,--,--,--,--,--,--,--,--,72,BBOH,375.9,BBOH,--,--,--,--,--,--,--,--
{c22d5a4f-74b5-4dc9-bf46-171fc06ebb5c},TW-47,TW-47 Log,489.1,76.0,413.1,Qpy,--,--,--,--,0.0,15.0,489.1,474.1,--,--,--,--,--,--,--,--,--,--,--,--,--,--,--,--,--,--,--,--,--,--,--,--,--,--,--,--,--,--,--,--,15,71,474.1,418.1,--,--,--,--,--,--,--,--,--,--,--,--,--,--,--,--,71,BBOH,418.1,BBOH,--,--,--,--,--,--,--,--
by others,TW-6,TW-6 Log,674.0,275.0,399.0,Qpy,--,--,--,--,0.0,18.0,674.0,656.0,--,--,--,--,--,--,--,--,--,--,--,--,18.0,42.0,656.0,632.0,--,--,--,--,42.0,70.0,632.0,604.0,--,--,--,--,70,218,604.0,456.0,218,255,456.0,419.0,--,--,--,--,--,--,--,--,--,--,--,--,--,--,--,--,255,BBOH,419.0,BBOH,--,--,--,--,--,--,--,--
by others,TW-7,TW-7 Log,671.0,265.0,406.0,Qpy,--,--,--,--,0.0,38.0,671.0,633.0,--,--,--,--,--,--,--,--,--,--,--,--,--,--,--,--,--,--,--,--,38.0,66.0,633.0,605.0,--,--,--,--,66,195,605.0,476.0,195,254,476.0,417.0,--,--,--,--,--,--,--,--,--,--,--,--,--,--,--,--,254,BBOH,417.0,BBOH,--,--,--,--,--,--,--,--
by others,TW-8,TW-8 Log,662.0,276.0,386.0,Qpy,--,--,--,--,0.0,17.0,662.0,645.0,--,--,--,--,--,--,--,--,--,--,--,--,--,--,--,--,--,--,--,--,17.0,36.0,645.0,626.0,--,--,--,--,36,200,626.0,462.0,200,260,462.0,402.0,--,--,--,--,--,--,--,--,--,--,--,--,--,--,--,--,260,BBOH,402.0,BBOH,--,--,--,--,--,--,--,--
{5ba248cd-a645-4def-92ae-ef21c6a34781},TW-9,TW-9 Log,569.1,260.0,309.1,Qppyn,--,--,--,--,0.5,132.5,568.6,436.6,--,--,--,--,--,--,--,--,--,--,--,--,--,--,--,--,--,--,--,--,--,--,--,--,--,--,--,--,--,--,--,--,--,--,--,--,--,--,--,--,--,--,--,--,132.5,150,436.6,419.1,--,--,--,--,150,218,419.1,351.1,--,--,--,--,218,BBOH,351.1,BBOH
,,,,,,,,,,,,,,,,,,,,,,,,,,,,,,,,,,,,,,,,,,,,,,,,,,,,,,,,,,,,,,,,,,,,,,,,,,,,,,
,,,,,,,,,,,,,,,,,,,,,,,,,,,,,,,,,,,,,,,,,,,,,,,,,,,,,,,,,,,,,,,,,,,,,,,,,,,,,,
,,,,,,,,,,,,,,,,,,,,,,,,,,,,,,,,,,,,,,,,,,,,,,,,,,,,,,,,,,,,,,,,,,,,,,,,,,,,,,
,,,,,,,,,,,,,,,,,,,,,,,,,,,,,,,,,,,,,,,,,,,,,,,,,,,,,,,,,,,,,,,,,,,,,,,,,,,,,,
,,,,,,,,,,,,,,,,,,,,,,,,,,,,,,,,,,,,,,,,,,,,,,,,,,,,,,,,,,,,,,,,,,,,,,,,,,,,,,
,,,,,,,,,,,,,,,,,,,,,,,,,,,,,,,,,,,,,,,,,,,,,,,,,,,,,,,,,,,,,,,,,,,,,,,,,,,,,,
,,,,,,,,,,,,,,,,,,,,,,,,,,,,,,,,,,,,,,,,,,,,,,,,,,,,,,,,,,,,,,,,,,,,,,,,,,,,,,
,,,,,,,,,,,,,,,,,,,,,,,,,,,,,,,,,,,,,,,,,,,,,,,,,,,,,,,,,,,,,,,,,,,,,,,,,,,,,,
,,,,,,,,,,,,,,,,,,,,,,,,,,,,,,,,,,,,,,,,,,,,,,,,,,,,,,,,,,,,,,,,,,,,,,,,,,,,,,
,,,,,,,,,,,,,,,,,,,,,,,,,,,,,,,,,,,,,,,,,,,,,,,,,,,,,,,,,,,,,,,,,,,,,,,,,,,,,,
,,,,,,,,,,,,,,,,,,,,,,,,,,,,,,,,,,,,,,,,,,,,,,,,,,,,,,,,,,,,,,,,,,,,,,,,,,,,,,
,,,,,,,,,,,,,,,,,,,,,,,,,,,,,,,,,,,,,,,,,,,,,,,,,,,,,,,,,,,,,,,,,,,,,,,,,,,,,,
,,,,,,,,,,,,,,,,,,,,,,,,,,,,,,,,,,,,,,,,,,,,,,,,,,,,,,,,,,,,,,,,,,,,,,,,,,,,,,
,,,,,,,,,,,,,,,,,,,,,,,,,,,,,,,,,,,,,,,,,,,,,,,,,,,,,,,,,,,,,,,,,,,,,,,,,,,,,,
,,,,,,,,,,,,,,,,,,,,,,,,,,,,,,,,,,,,,,,,,,,,,,,,,,,,,,,,,,,,,,,,,,,,,,,,,,,,,,
,,,,,,,,,,,,,,,,,,,,,,,,,,,,,,,,,,,,,,,,,,,,,,,,,,,,,,,,,,,,,,,,,,,,,,,,,,,,,,
,,,,,,,,,,,,,,,,,,,,,,,,,,,,,,,,,,,,,,,,,,,,,,,,,,,,,,,,,,,,,,,,,,,,,,,,,,,,,,
,,,,,,,,,,,,,,,,,,,,,,,,,,,,,,,,,,,,,,,,,,,,,,,,,,,,,,,,,,,,,,,,,,,,,,,,,,,,,,
,,,,,,,,,,,,,,,,,,,,,,,,,,,,,,,,,,,,,,,,,,,,,,,,,,,,,,,,,,,,,,,,,,,,,,,,,,,,,,
,,,,,,,,,,,,,,,,,,,,,,,,,,,,,,,,,,,,,,,,,,,,,,,,,,,,,,,,,,,,,,,,,,,,,,,,,,,,,,
,,,,,,,,,,,,,,,,,,,,,,,,,,,,,,,,,,,,,,,,,,,,,,,,,,,,,,,,,,,,,,,,,,,,,,,,,,,,,,
,,,,,,,,,,,,,,,,,,,,,,,,,,,,,,,,,,,,,,,,,,,,,,,,,,,,,,,,,,,,,,,,,,,,,,,,,,,,,,
,,,,,,,,,,,,,,,,,,,,,,,,,,,,,,,,,,,,,,,,,,,,,,,,,,,,,,,,,,,,,,,,,,,,,,,,,,,,,,
,,,,,,,,,,,,,,,,,,,,,,,,,,,,,,,,,,,,,,,,,,,,,,,,,,,,,,,,,,,,,,,,,,,,,,,,,,,,,,
,,,,,,,,,,,,,,,,,,,,,,,,,,,,,,,,,,,,,,,,,,,,,,,,,,,,,,,,,,,,,,,,,,,,,,,,,,,,,,
,,,,,,,,,,,,,,,,,,,,,,,,,,,,,,,,,,,,,,,,,,,,,,,,,,,,,,,,,,,,,,,,,,,,,,,,,,,,,,
,,,,,,,,,,,,,,,,,,,,,,,,,,,,,,,,,,,,,,,,,,,,,,,,,,,,,,,,,,,,,,,,,,,,,,,,,,,,,,
,,,,,,,,,,,,,,,,,,,,,,,,,,,,,,,,,,,,,,,,,,,,,,,,,,,,,,,,,,,,,,,,,,,,,,,,,,,,,,
,,,,,,,,,,,,,,,,,,,,,,,,,,,,,,,,,,,,,,,,,,,,,,,,,,,,,,,,,,,,,,,,,,,,,,,,,,,,,,
,,,,,,,,,,,,,,,,,,,,,,,,,,,,,,,,,,,,,,,,,,,,,,,,,,,,,,,,,,,,,,,,,,,,,,,,,,,,,,
,,,,,,,,,,,,,,,,,,,,,,,,,,,,,,,,,,,,,,,,,,,,,,,,,,,,,,,,,,,,,,,,,,,,,,,,,,,,,,
,,,,,,,,,,,,,,,,,,,,,,,,,,,,,,,,,,,,,,,,,,,,,,,,,,,,,,,,,,,,,,,,,,,,,,,,,,,,,,
,,,,,,,,,,,,,,,,,,,,,,,,,,,,,,,,,,,,,,,,,,,,,,,,,,,,,,,,,,,,,,,,,,,,,,,,,,,,,,
,,,,,,,,,,,,,,,,,,,,,,,,,,,,,,,,,,,,,,,,,,,,,,,,,,,,,,,,,,,,,,,,,,,,,,,,,,,,,,
,,,,,,,,,,,,,,,,,,,,,,,,,,,,,,,,,,,,,,,,,,,,,,,,,,,,,,,,,,,,,,,,,,,,,,,,,,,,,,
,,,,,,,,,,,,,,,,,,,,,,,,,,,,,,,,,,,,,,,,,,,,,,,,,,,,,,,,,,,,,,,,,,,,,,,,,,,,,,
,,,,,,,,,,,,,,,,,,,,,,,,,,,,,,,,,,,,,,,,,,,,,,,,,,,,,,,,,,,,,,,,,,,,,,,,,,,,,,
,,,,,,,,,,,,,,,,,,,,,,,,,,,,,,,,,,,,,,,,,,,,,,,,,,,,,,,,,,,,,,,,,,,,,,,,,,,,,,
,,,,,,,,,,,,,,,,,,,,,,,,,,,,,,,,,,,,,,,,,,,,,,,,,,,,,,,,,,,,,,,,,,,,,,,,,,,,,,
,,,,,,,,,,,,,,,,,,,,,,,,,,,,,,,,,,,,,,,,,,,,,,,,,,,,,,,,,,,,,,,,,,,,,,,,,,,,,,
,,,,,,,,,,,,,,,,,,,,,,,,,,,,,,,,,,,,,,,,,,,,,,,,,,,,,,,,,,,,,,,,,,,,,,,,,,,,,,
,,,,,,,,,,,,,,,,,,,,,,,,,,,,,,,,,,,,,,,,,,,,,,,,,,,,,,,,,,,,,,,,,,,,,,,,,,,,,,
,,,,,,,,,,,,,,,,,,,,,,,,,,,,,,,,,,,,,,,,,,,,,,,,,,,,,,,,,,,,,,,,,,,,,,,,,,,,,,
,,,,,,,,,,,,,,,,,,,,,,,,,,,,,,,,,,,,,,,,,,,,,,,,,,,,,,,,,,,,,,,,,,,,,,,,,,,,,,
,,,,,,,,,,,,,,,,,,,,,,,,,,,,,,,,,,,,,,,,,,,,,,,,,,,,,,,,,,,,,,,,,,,,,,,,,,,,,,
,,,,,,,,,,,,,,,,,,,,,,,,,,,,,,,,,,,,,,,,,,,,,,,,,,,,,,,,,,,,,,,,,,,,,,,,,,,,,,
,,,,,,,,,,,,,,,,,,,,,,,,,,,,,,,,,,,,,,,,,,,,,,,,,,,,,,,,,,,,,,,,,,,,,,,,,,,,,,
,,,,,,,,,,,,,,,,,,,,,,,,,,,,,,,,,,,,,,,,,,,,,,,,,,,,,,,,,,,,,,,,,,,,,,,,,,,,,,
,,,,,,,,,,,,,,,,,,,,,,,,,,,,,,,,,,,,,,,,,,,,,,,,,,,,,,,,,,,,,,,,,,,,,,,,,,,,,,
,,,,,,,,,,,,,,,,,,,,,,,,,,,,,,,,,,,,,,,,,,,,,,,,,,,,,,,,,,,,,,,,,,,,,,,,,,,,,,
,,,,,,,,,,,,,,,,,,,,,,,,,,,,,,,,,,,,,,,,,,,,,,,,,,,,,,,,,,,,,,,,,,,,,,,,,,,,,,
,,,,,,,,,,,,,,,,,,,,,,,,,,,,,,,,,,,,,,,,,,,,,,,,,,,,,,,,,,,,,,,,,,,,,,,,,,,,,,
,,,,,,,,,,,,,,,,,,,,,,,,,,,,,,,,,,,,,,,,,,,,,,,,,,,,,,,,,,,,,,,,,,,,,,,,,,,,,,
,,,,,,,,,,,,,,,,,,,,,,,,,,,,,,,,,,,,,,,,,,,,,,,,,,,,,,,,,,,,,,,,,,,,,,,,,,,,,,
,,,,,,,,,,,,,,,,,,,,,,,,,,,,,,,,,,,,,,,,,,,,,,,,,,,,,,,,,,,,,,,,,,,,,,,,,,,,,,
,,,,,,,,,,,,,,,,,,,,,,,,,,,,,,,,,,,,,,,,,,,,,,,,,,,,,,,,,,,,,,,,,,,,,,,,,,,,,,
,,,,,,,,,,,,,,,,,,,,,,,,,,,,,,,,,,,,,,,,,,,,,,,,,,,,,,,,,,,,,,,,,,,,,,,,,,,,,,
,,,,,,,,,,,,,,,,,,,,,,,,,,,,,,,,,,,,,,,,,,,,,,,,,,,,,,,,,,,,,,,,,,,,,,,,,,,,,,
,,,,,,,,,,,,,,,,,,,,,,,,,,,,,,,,,,,,,,,,,,,,,,,,,,,,,,,,,,,,,,,,,,,,,,,,,,,,,,
,,,,,,,,,,,,,,,,,,,,,,,,,,,,,,,,,,,,,,,,,,,,,,,,,,,,,,,,,,,,,,,,,,,,,,,,,,,,,,
,,,,,,,,,,,,,,,,,,,,,,,,,,,,,,,,,,,,,,,,,,,,,,,,,,,,,,,,,,,,,,,,,,,,,,,,,,,,,,
,,,,,,,,,,,,,,,,,,,,,,,,,,,,,,,,,,,,,,,,,,,,,,,,,,,,,,,,,,,,,,,,,,,,,,,,,,,,,,
,,,,,,,,,,,,,,,,,,,,,,,,,,,,,,,,,,,,,,,,,,,,,,,,,,,,,,,,,,,,,,,,,,,,,,,,,,,,,,
,,,,,,,,,,,,,,,,,,,,,,,,,,,,,,,,,,,,,,,,,,,,,,,,,,,,,,,,,,,,,,,,,,,,,,,,,,,,,,
,,,,,,,,,,,,,,,,,,,,,,,,,,,,,,,,,,,,,,,,,,,,,,,,,,,,,,,,,,,,,,,,,,,,,,,,,,,,,,
,,,,,,,,,,,,,,,,,,,,,,,,,,,,,,,,,,,,,,,,,,,,,,,,,,,,,,,,,,,,,,,,,,,,,,,,,,,,,,
,,,,,,,,,,,,,,,,,,,,,,,,,,,,,,,,,,,,,,,,,,,,,,,,,,,,,,,,,,,,,,,,,,,,,,,,,,,,,,
,,,,,,,,,,,,,,,,,,,,,,,,,,,,,,,,,,,,,,,,,,,,,,,,,,,,,,,,,,,,,,,,,,,,,,,,,,,,,,
,,,,,,,,,,,,,,,,,,,,,,,,,,,,,,,,,,,,,,,,,,,,,,,,,,,,,,,,,,,,,,,,,,,,,,,,,,,,,,
,,,,,,,,,,,,,,,,,,,,,,,,,,,,,,,,,,,,,,,,,,,,,,,,,,,,,,,,,,,,,,,,,,,,,,,,,,,,,,
,,,,,,,,,,,,,,,,,,,,,,,,,,,,,,,,,,,,,,,,,,,,,,,,,,,,,,,,,,,,,,,,,,,,,,,,,,,,,,
,,,,,,,,,,,,,,,,,,,,,,,,,,,,,,,,,,,,,,,,,,,,,,,,,,,,,,,,,,,,,,,,,,,,,,,,,,,,,,
,,,,,,,,,,,,,,,,,,,,,,,,,,,,,,,,,,,,,,,,,,,,,,,,,,,,,,,,,,,,,,,,,,,,,,,,,,,,,,
,,,,,,,,,,,,,,,,,,,,,,,,,,,,,,,,,,,,,,,,,,,,,,,,,,,,,,,,,,,,,,,,,,,,,,,,,,,,,,
,,,,,,,,,,,,,,,,,,,,,,,,,,,,,,,,,,,,,,,,,,,,,,,,,,,,,,,,,,,,,,,,,,,,,,,,,,,,,,
,,,,,,,,,,,,,,,,,,,,,,,,,,,,,,,,,,,,,,,,,,,,,,,,,,,,,,,,,,,,,,,,,,,,,,,,,,,,,,
,,,,,,,,,,,,,,,,,,,,,,,,,,,,,,,,,,,,,,,,,,,,,,,,,,,,,,,,,,,,,,,,,,,,,,,,,,,,,,
,,,,,,,,,,,,,,,,,,,,,,,,,,,,,,,,,,,,,,,,,,,,,,,,,,,,,,,,,,,,,,,,,,,,,,,,,,,,,,
,,,,,,,,,,,,,,,,,,,,,,,,,,,,,,,,,,,,,,,,,,,,,,,,,,,,,,,,,,,,,,,,,,,,,,,,,,,,,,
,,,,,,,,,,,,,,,,,,,,,,,,,,,,,,,,,,,,,,,,,,,,,,,,,,,,,,,,,,,,,,,,,,,,,,,,,,,,,,
,,,,,,,,,,,,,,,,,,,,,,,,,,,,,,,,,,,,,,,,,,,,,,,,,,,,,,,,,,,,,,,,,,,,,,,,,,,,,,
